Id,OwnerId
0033g000005phHY,00532000005KiAe
0033g000003GJ42,00532000005KiAe
0033g000003pBa5,00532000005KiAe
0033g000003pBZS,00532000005KiAe
0030d00002IoIlL,00532000005KiAe
0030d00002OLYdM,00532000005KiAe
0030d00002OLYdN,00532000005KiAe
0030d00002OLYdO,00532000005KiAe
0030d00002OLYdP,00532000005KiAe
0030d00002OLYdQ,00532000005KiAe
0030d00002OLYdR,00532000005KiAe
0030d00002OLYdS,00532000005KiAe
0030d00002OLYdT,00532000005KiAe
0030d00002OLYcu,00532000005KiAe
0030d00002OLYcw,00532000005KiAe
0030d00002OLYcx,00532000005KiAe
0030d00002OLYcv,00532000005KiAe
0030d00002OLYcy,00532000005KiAe
0030d00002OLYd0,00532000005KiAe
0030d00002OLYd1,00532000005KiAe
0030d00002OLYd2,00532000005KiAe
0030d00002OLYd3,00532000005KiAe
0030d00002OLYd4,00532000005KiAe
0030d00002OLYd5,00532000005KiAe
0030d00002OLYd6,00532000005KiAe
0030d00002OLYd7,00532000005KiAe
0030d00002OLYd9,00532000005KiAe
0030d00002OLYdA,00532000005KiAe
0030d00002OLYdB,00532000005KiAe
0030d00002OLYdD,00532000005KiAe
0030d00002OLYdE,00532000005KiAe
0030d00002OLYdF,00532000005KiAe
0030d00002OLYdG,00532000005KiAe
0030d00002OLYdH,00532000005KiAe
0030d00002OLYdI,00532000005KiAe
0030d00002OLYdJ,00532000005KiAe
0030d00002OLYdK,00532000005KiAe
0030d00002OLYdL,00532000005KiAe
0030d00002OLYdW,00532000005KiAe
0030d00002OLYdX,00532000005KiAe
0030d00002OLYdY,00532000005KiAe
0030d00002OLYdZ,00532000005KiAe
0030d00002OLYec,00532000005KiAe
0030d00002OLYed,00532000005KiAe
0030d00002OLYee,00532000005KiAe
0030d00002OLYef,00532000005KiAe
0030d00002OLYeM,00532000005KiAe
0030d00002OLYeN,00532000005KiAe
0030d00002OLYeU,00532000005KiAe
0030d00002OLYeP,00532000005KiAe
0030d00002OLYeR,00532000005KiAe
0030d00002OLYeS,00532000005KiAe
0030d00002OLYeT,00532000005KiAe
0030d00002OLYeV,00532000005KiAe
0030d00002OLYeW,00532000005KiAe
0030d00002OLYeX,00532000005KiAe
0030d00002OLYeY,00532000005KiAe
0030d00002OLYeZ,00532000005KiAe
0030d00002OLYea,00532000005KiAe
0030d00002OLYeb,00532000005KiAe
0030d00002HJ7fd,00532000005KiAe
0030d00002OLYdp,00532000005KiAe
0030d00002OLYdq,00532000005KiAe
0030d00002OLYdr,00532000005KiAe
0030d00002OLYdu,00532000005KiAe
0030d00002OLYdv,00532000005KiAe
0030d00002OLYe8,00532000005KiAe
0030d00002OLYe9,00532000005KiAe
0030d00002OLYeA,00532000005KiAe
0030d00002OLYeB,00532000005KiAe
0030d00002OLYeC,00532000005KiAe
0030d00002OLYda,00532000005KiAe
0030d00002OLYdc,00532000005KiAe
0030d00002OLYdd,00532000005KiAe
0030d00002OLYdo,00532000005KiAe
0030d00002OLYdh,00532000005KiAe
0030d00002OLYdj,00532000005KiAe
0030d00002OLYdk,00532000005KiAe
0030d00002OLYdl,00532000005KiAe
0030d00002OLYdn,00532000005KiAe
0030d00002OLYdw,00532000005KiAe
0030d00002OLYdy,00532000005KiAe
0030d00002OLYdz,00532000005KiAe
0030d00002OLYe0,00532000005KiAe
0030d00002OLYeH,00532000005KiAe
0030d00002OLYeI,00532000005KiAe
0030d00002OLYeD,00532000005KiAe
0030d00002OLYeK,00532000005KiAe
0030d00002OLYeE,00532000005KiAe
0030d00002OLYeF,00532000005KiAe
0030d00002OLYeG,00532000005KiAe
0030d00002OLYeL,00532000005KiAe
0030d00002HIuz7,00532000005KiAe
0030d00002HIv00,00532000005KiAe
0030d00002OLYe3,00532000005KiAe
0030d00002OLYe4,00532000005KiAe
0030d00002OLYe5,00532000005KiAe
0030d00002OLYe6,00532000005KiAe
0030d00002OLwwh,00532000005KiAe
0030d00002OLwsG,00532000005KiAe
0030d00002OLwsL,00532000005KiAe
0030d00002OLwwS,00532000005KiAe
0030d00002OLwwc,00532000005KiAe
0030d00002OLYcd,00532000005KiAe
0030d00002OLYce,00532000005KiAe
0030d00002OLYcf,00532000005KiAe
0030d00002OLYch,00532000005KiAe
0030d00002OLYci,00532000005KiAe
0030d00002OLYcj,00532000005KiAe
0030d00002OLYcQ,00532000005KiAe
0030d00002OLYcR,00532000005KiAe
0030d00002OLYcS,00532000005KiAe
0030d00002OLYcT,00532000005KiAe
0030d00002OLYcU,00532000005KiAe
0030d00002OLYcV,00532000005KiAe
0030d00002OLYcW,00532000005KiAe
0030d00002OLYcX,00532000005KiAe
0030d00002OLYcY,00532000005KiAe
0030d00002OLYcZ,00532000005KiAe
0030d00002OLYca,00532000005KiAe
0030d00002OLYcb,00532000005KiAe
0030d00002OLYcc,00532000005KiAe
0030d00002OLYck,00532000005KiAe
0030d00002OLYcl,00532000005KiAe
0030d00002OLYcm,00532000005KiAe
0030d00002OLYcn,00532000005KiAe
0030d00002OLYco,00532000005KiAe
0030d00002OLYcp,00532000005KiAe
0030d00002OLYcq,00532000005KiAe
0030d00002OLYcr,00532000005KiAe
0030d00002OLYcs,00532000005KiAe
0030d00002OLYct,00532000005KiAe
0030d00002OLYcK,00532000005KiAe
0030d00002OLYcL,00532000005KiAe
0030d00002OLYcM,00532000005KiAe
0030d00002OLYcN,00532000005KiAe
0030d00002OLYcO,00532000005KiAe
0030d00002OLYcP,00532000005KiAe
0030d00002FRtcl,00532000005KiAe
0030d00002Iq6xY,00532000005KiAe
0030d00002Iq6yC,00532000005KiAe
0030d00002HKoVy,00532000005KiAe
0030d00002HKoVz,00532000005KiAe
0030d00002HKoW2,00532000005KiAe
0030d00002HKoW4,00532000005KiAe
0030d00002HKoUP,00532000005KiAe
0030d00002HKoVV,00532000005KiAe
0030d00002HKoVW,00532000005KiAe
0030d00002HKoVX,00532000005KiAe
0030d00002HKoVo,00532000005KiAe
0030d00002HKoVp,00532000005KiAe
0030d00002HKoVq,00532000005KiAe
0030d00002HKoVr,00532000005KiAe
0030d00002HKoVs,00532000005KiAe
0030d00002HKoVu,00532000005KiAe
0030d00002HKoVf,00532000005KiAe
0030d00002HKoVg,00532000005KiAe
0030d00002HKoVa,00532000005KiAe
0030d00002HKoVc,00532000005KiAe
0030d00002HKoVe,00532000005KiAe
0030d00002HKoVh,00532000005KiAe
0030d00002HKoVi,00532000005KiAe
0030d00002HKoVj,00532000005KiAe
0030d00002HKoVn,00532000005KiAe
0030d00002HLe2M,00532000005KiAe
0030d00002HLoDZ,00532000005KiAe
0030d00002HLoDa,00532000005KiAe
0030d00002HLoDb,00532000005KiAe
0030d00002HLoDd,00532000005KiAe
0030d00002HLoDh,00532000005KiAe
0030d00002HLgva,00532000005KiAe
0030d00002HLgvb,00532000005KiAe
0030d00002HLgvc,00532000005KiAe
0030d00002HLgve,00532000005KiAe
0030d00002HLoDi,00532000005KiAe
0030d00002HLoDj,00532000005KiAe
0030d00002OLYeg,00532000005KiAe
0030d00002OLYej,00532000005KiAe
0030d00002OLYek,00532000005KiAe
0030d00002OLYel,00532000005KiAe
0030d00002OLYem,00532000005KiAe
0030d00002OLYen,00532000005KiAe
0030d00002OLYf1,00532000005KiAe
0030d00002OLYf3,00532000005KiAe
0030d00002OLYf5,00532000005KiAe
0030d00002OLYf6,00532000005KiAe
0030d00002OLYf7,00532000005KiAe
0030d00002OLYfH,00532000005KiAe
0030d00002OLYf8,00532000005KiAe
0030d00002OLYf9,00532000005KiAe
0030d00002OLYfK,00532000005KiAe
0030d00002OLYfL,00532000005KiAe
0030d00002OLYfA,00532000005KiAe
0030d00002OLYfB,00532000005KiAe
0030d00002OLYfD,00532000005KiAe
0030d00002OLYfF,00532000005KiAe
0030d00002OLYfG,00532000005KiAe
0030d00002OLYep,00532000005KiAe
0030d00002OLYeq,00532000005KiAe
0030d00002OLYer,00532000005KiAe
0030d00002OLYes,00532000005KiAe
0030d00002OLYet,00532000005KiAe
0030d00002OLYeu,00532000005KiAe
0030d00002OLYf0,00532000005KiAe
0030d00002OLYev,00532000005KiAe
0030d00002OLYew,00532000005KiAe
0030d00002OLYey,00532000005KiAe
0030d00002OLYez,00532000005KiAe
0030d00002OLYfM,00532000005KiAe
0030d00002OLYfN,00532000005KiAe
0030d00002OLYfO,00532000005KiAe
0030d00002OLYfP,00532000005KiAe
0030d00002OLYfQ,00532000005KiAe
0030d00002OLYfa,00532000005KiAe
0030d00002OLYfX,00532000005KiAe
0030d00002OLYfb,00532000005KiAe
0030d00002OLYfY,00532000005KiAe
0030d00002OLYfZ,00532000005KiAe
0030d00002OLYfd,00532000005KiAe
0030d00002OLYfR,00532000005KiAe
0030d00002OLYfS,00532000005KiAe
0030d00002OLYfT,00532000005KiAe
0030d00002OLYfU,00532000005KiAe
0030d00002OLYfV,00532000005KiAe
0030d00002OLYfW,00532000005KiAe
0030d00002OLYfl,00532000005KiAe
0030d00002OLYfm,00532000005KiAe
0030d00002OLYfn,00532000005KiAe
0030d00002OLYfo,00532000005KiAe
0030d00002OLYfp,00532000005KiAe
0030d00002OLYfr,00532000005KiAe
0030d00002OLYfs,00532000005KiAe
0030d00002OLYfe,00532000005KiAe
0030d00002OLYff,00532000005KiAe
0030d00002OLYfi,00532000005KiAe
0030d00002OLYfj,00532000005KiAe
0030d00002OLYfk,00532000005KiAe
0030d00002OLYj9,00532000005KiAe
0030d00002OLYjA,00532000005KiAe
0030d00002OLYjB,00532000005KiAe
0030d00002OLYjC,00532000005KiAe
0030d00002OLYjD,00532000005KiAe
0030d00002OLYjE,00532000005KiAe
0030d00002OLYjm,00532000005KiAe
0030d00002OLYjn,00532000005KiAe
0030d00002OLYjo,00532000005KiAe
0030d00002OLYjp,00532000005KiAe
0030d00002OLYjq,00532000005KiAe
0030d00002OLYjr,00532000005KiAe
0030d00002OLYjs,00532000005KiAe
0030d00002OLYjt,00532000005KiAe
0030d00002OLYju,00532000005KiAe
0030d00002OLYjv,00532000005KiAe
0030d00002OLYjw,00532000005KiAe
0030d00002OLYhx,00532000005KiAe
0030d00002OLYjx,00532000005KiAe
0030d00002OLYjz,00532000005KiAe
0030d00002OLYk0,00532000005KiAe
0030d00002OLYk1,00532000005KiAe
0030d00002OLYk2,00532000005KiAe
0030d00002OLYk3,00532000005KiAe
0030d00002OLYk4,00532000005KiAe
0030d00002OLYk5,00532000005KiAe
0030d00002OLYk6,00532000005KiAe
0030d00002OLYk7,00532000005KiAe
0030d00002OLYk8,00532000005KiAe
0030d00002OLYk9,00532000005KiAe
0030d00002OLYkA,00532000005KiAe
0030d00002OLYkB,00532000005KiAe
0030d00002OLYgI,00532000005KiAe
0030d00002OLYgJ,00532000005KiAe
0030d00002OLYgK,00532000005KiAe
0030d00002OLYgL,00532000005KiAe
0030d00002OLYgM,00532000005KiAe
0030d00002OLYgN,00532000005KiAe
0030d00002OLYgO,00532000005KiAe
0030d00002OLYgQ,00532000005KiAe
0030d00002OLYgR,00532000005KiAe
0030d00002OLYgS,00532000005KiAe
0030d00002OLYgT,00532000005KiAe
0030d00002OLYgU,00532000005KiAe
0030d00002OLYgV,00532000005KiAe
0030d00002OLYgW,00532000005KiAe
0030d00002OLYgX,00532000005KiAe
0030d00002OLYgY,00532000005KiAe
0030d00002OLYgZ,00532000005KiAe
0030d00002OLYgc,00532000005KiAe
0030d00002OLYge,00532000005KiAe
0030d00002OLYgf,00532000005KiAe
0030d00002OLYgg,00532000005KiAe
0030d00002OLYgh,00532000005KiAe
0030d00002OLYgi,00532000005KiAe
0030d00002OLYgj,00532000005KiAe
0030d00002OLYgk,00532000005KiAe
0030d00002OLYgl,00532000005KiAe
0030d00002OLYgm,00532000005KiAe
0030d00002OLYgn,00532000005KiAe
0030d00002OLYgo,00532000005KiAe
0030d00002OLYgp,00532000005KiAe
0030d00002OLYgq,00532000005KiAe
0030d00002OLYgs,00532000005KiAe
0030d00002OLYgt,00532000005KiAe
0030d00002OLYgu,00532000005KiAe
0030d00002OLYgv,00532000005KiAe
0030d00002OLYgw,00532000005KiAe
0030d00002OLYgx,00532000005KiAe
0030d00002OLYgz,00532000005KiAe
0030d00002OLYh0,00532000005KiAe
0030d00002OLYh1,00532000005KiAe
00332000026boOM,00532000005KiAe
0030d00002OLYh2,00532000005KiAe
0030d00002OLYh3,00532000005KiAe
0030d00002OLYh4,00532000005KiAe
0030d00002OLYh5,00532000005KiAe
0030d00002OLYh6,00532000005KiAe
0030d00002OLYh8,00532000005KiAe
0030d00002OLYhA,00532000005KiAe
0030d00002OLYhB,00532000005KiAe
0030d00002OLYhC,00532000005KiAe
0030d00002OLYhE,00532000005KiAe
0030d00002OLYhG,00532000005KiAe
0030d00002OLYhH,00532000005KiAe
0030d00002OLYhI,00532000005KiAe
0030d00002OLYhJ,00532000005KiAe
0030d00002OLYhK,00532000005KiAe
0030d00002OLYhL,00532000005KiAe
0030d00002OLYhM,00532000005KiAe
0030d00002OLYhN,00532000005KiAe
0030d00002OLYhO,00532000005KiAe
0030d00002OLYhP,00532000005KiAe
0030d00002OLYhy,00532000005KiAe
0030d00002OLYhz,00532000005KiAe
0030d00002OLYi0,00532000005KiAe
0030d00002OLYi1,00532000005KiAe
0030d00002OLYi2,00532000005KiAe
0030d00002OLYi3,00532000005KiAe
0030d00002OLYi4,00532000005KiAe
0030d00002OLYi5,00532000005KiAe
0030d00002OLYi6,00532000005KiAe
0030d00002OLYi7,00532000005KiAe
0030d00002OLYiA,00532000005KiAe
0030d00002OLYiC,00532000005KiAe
0030d00002OLYiE,00532000005KiAe
0030d00002OLYiF,00532000005KiAe
0030d00002OLYiG,00532000005KiAe
0030d00002OLYiH,00532000005KiAe
0030d00002OLYiI,00532000005KiAe
0030d00002OLYiJ,00532000005KiAe
0030d00002OLYiK,00532000005KiAe
0030d00002OLYiL,00532000005KiAe
0030d00002OLYiO,00532000005KiAe
0030d00002OLYiP,00532000005KiAe
0030d00002OLYkX,00532000005KiAe
0030d00002OLYkY,00532000005KiAe
0030d00002OLYkZ,00532000005KiAe
0030d00002OLYka,00532000005KiAe
0030d00002OLYkb,00532000005KiAe
0030d00002OLYkp,00532000005KiAe
0030d00002OLYkq,00532000005KiAe
0030d00002OLYiM,00532000005KiAe
0030d00002OLYiN,00532000005KiAe
0030d00002OLYis,00532000005KiAe
0030d00002OLYit,00532000005KiAe
0030d00002OLYiu,00532000005KiAe
0030d00002OLYiv,00532000005KiAe
0030d00002OLYiw,00532000005KiAe
0030d00002OLYix,00532000005KiAe
0030d00002OLYiy,00532000005KiAe
0030d00002OLYiz,00532000005KiAe
0030d00002OLYj0,00532000005KiAe
0030d00002OLYj1,00532000005KiAe
0030d00002OLYj2,00532000005KiAe
0030d00002OLYj3,00532000005KiAe
0030d00002OLYj4,00532000005KiAe
0030d00002OLYj5,00532000005KiAe
0030d00002OLYj6,00532000005KiAe
0030d00002OLYj7,00532000005KiAe
0030d00002OLYj8,00532000005KiAe
0030d00002OLYft,00532000005KiAe
0030d00002OLYfu,00532000005KiAe
0030d00002OLYfv,00532000005KiAe
0030d00002OLYfw,00532000005KiAe
0030d00002OLYfx,00532000005KiAe
0030d00002OLYfy,00532000005KiAe
0030d00002OLYfz,00532000005KiAe
0030d00002OLYg0,00532000005KiAe
0030d00002OLYg1,00532000005KiAe
0030d00002OLYg2,00532000005KiAe
0030d00002OLYg3,00532000005KiAe
0030d00002OLYg4,00532000005KiAe
0030d00002OLYg6,00532000005KiAe
0030d00002OLYg8,00532000005KiAe
0030d00002OLYg9,00532000005KiAe
0030d00002OLYgB,00532000005KiAe
0030d00002OLYgC,00532000005KiAe
0030d00002OLYgE,00532000005KiAe
0030d00002OLYgG,00532000005KiAe
0030d00002OLYgH,00532000005KiAe
0030d00002OLYjb,00532000005KiAe
0030d00002OLYjc,00532000005KiAe
0030d00002OLYjd,00532000005KiAe
0030d00002OLYje,00532000005KiAe
0030d00002OLYjf,00532000005KiAe
0030d00002OLYjg,00532000005KiAe
0030d00002OLYjh,00532000005KiAe
0030d00002OLYji,00532000005KiAe
0030d00002OLYjj,00532000005KiAe
0030d00002OLYjk,00532000005KiAe
0030d00002OLYjl,00532000005KiAe
0030d00002OLYhQ,00532000005KiAe
0030d00002OLYhR,00532000005KiAe
0030d00002OLYhS,00532000005KiAe
0030d00002OLYhV,00532000005KiAe
0030d00002OLYhW,00532000005KiAe
0030d00002OLYhX,00532000005KiAe
0030d00002OLYhY,00532000005KiAe
0030d00002OLYhZ,00532000005KiAe
0030d00002OLYhb,00532000005KiAe
0030d00002OLYhc,00532000005KiAe
0030d00002OLYhd,00532000005KiAe
0030d00002OLYhe,00532000005KiAe
0030d00002OLYhf,00532000005KiAe
0030d00002OLYhg,00532000005KiAe
0030d00002OLYhh,00532000005KiAe
0030d00002OLYhi,00532000005KiAe
0030d00002OLYhm,00532000005KiAe
0030d00002OLYhn,00532000005KiAe
0030d00002OLYho,00532000005KiAe
0030d00002OLYhp,00532000005KiAe
0030d00002OLYhs,00532000005KiAe
0030d00002OLYhu,00532000005KiAe
0030d00002OLYhv,00532000005KiAe
0030d00002OLYhw,00532000005KiAe
0030d00002OLYiR,00532000005KiAe
0030d00002OLYiS,00532000005KiAe
0030d00002OLYiT,00532000005KiAe
0030d00002OLYiU,00532000005KiAe
0030d00002OLYiV,00532000005KiAe
0030d00002OLYiW,00532000005KiAe
0030d00002OLYiX,00532000005KiAe
0030d00002OLYiY,00532000005KiAe
0030d00002OLYiZ,00532000005KiAe
0030d00002OLYia,00532000005KiAe
0030d00002OLYib,00532000005KiAe
0030d00002OLYic,00532000005KiAe
0030d00002OLYid,00532000005KiAe
0030d00002OLYie,00532000005KiAe
0030d00002OLYif,00532000005KiAe
0030d00002OLYig,00532000005KiAe
0030d00002OLYih,00532000005KiAe
0030d00002OLYii,00532000005KiAe
0030d00002OLYij,00532000005KiAe
0030d00002OLYik,00532000005KiAe
0030d00002OLYil,00532000005KiAe
0030d00002OLYir,00532000005KiAe
0030d00002OLYjF,00532000005KiAe
0030d00002OLYjG,00532000005KiAe
0030d00002OLYjH,00532000005KiAe
0030d00002OLYjI,00532000005KiAe
0030d00002OLYjJ,00532000005KiAe
0030d00002OLYjL,00532000005KiAe
0030d00002OLYjM,00532000005KiAe
0030d00002OLYjN,00532000005KiAe
0030d00002OLYjO,00532000005KiAe
0030d00002OLYjP,00532000005KiAe
0030d00002OLYjQ,00532000005KiAe
0030d00002OLYjR,00532000005KiAe
0030d00002OLYjS,00532000005KiAe
0030d00002OLYjT,00532000005KiAe
0030d00002OLYjU,00532000005KiAe
0030d00002OLYjV,00532000005KiAe
0030d00002OLYjW,00532000005KiAe
0030d00002OLYjX,00532000005KiAe
0030d00002OLYjY,00532000005KiAe
0030d00002OLYjZ,00532000005KiAe
0030d00002OLYkC,00532000005KiAe
0030d00002OLYkD,00532000005KiAe
0030d00002OLYkE,00532000005KiAe
0030d00002OLYkF,00532000005KiAe
0030d00002OLYkG,00532000005KiAe
0030d00002OLYkH,00532000005KiAe
0030d00002OLYkI,00532000005KiAe
0030d00002OLYkJ,00532000005KiAe
0030d00002OLYkK,00532000005KiAe
0030d00002OLYkL,00532000005KiAe
0030d00002OLYkO,00532000005KiAe
0030d00002OLYkP,00532000005KiAe
0030d00002OLYkQ,00532000005KiAe
0030d00002OLYkR,00532000005KiAe
0030d00002OLYkS,00532000005KiAe
0030d00002OLYkT,00532000005KiAe
0030d00002OLYkU,00532000005KiAe
0030d00002OLYkV,00532000005KiAe
0030d00002OLYkW,00532000005KiAe
0030d00002OLYkc,00532000005KiAe
0030d00002OLYkd,00532000005KiAe
0030d00002OLYke,00532000005KiAe
0030d00002OLYkg,00532000005KiAe
0030d00002OLYkh,00532000005KiAe
0030d00002OLYki,00532000005KiAe
0030d00002OLYkj,00532000005KiAe
0030d00002OLYkk,00532000005KiAe
0030d00002OLYkl,00532000005KiAe
0030d00002OLYkm,00532000005KiAe
0030d00002OLYkn,00532000005KiAe
0030d00002OLYko,00532000005KiAe
0030d00002HKoW9,00532000005KiAe
0030d00002Hi3tl,00532000005KiAe
0030d00002Hi3uj,00532000005KiAe
0030d00002Hi3v3,00532000005KiAe
0030d00002HkUxt,00532000005KiAe
0030d00002HjIbF,00532000005KiAe
0030d00002HlTZZ,00532000005KiAe
0033g000002eCAo,00532000005KiAe
